Ιστοσελίδα,Ημερομηνία,Ώρα,Θερμοκρασία,Μποφόρ,Υγρασία
okairos.gr,"Σήμερα, 14 Μάι:",02:00,10,2,92
okairos.gr,"Σήμερα, 14 Μάι:",03:00,10,2,92
okairos.gr,"Σήμερα, 14 Μάι:",04:00,10,2,94
okairos.gr,"Σήμερα, 14 Μάι:",05:00,9,1,94
okairos.gr,"Σήμερα, 14 Μάι:",06:00,8,1,94
okairos.gr,"Σήμερα, 14 Μάι:",07:00,9,1,92
okairos.gr,"Σήμερα, 14 Μάι:",08:00,12,2,76
okairos.gr,"Σήμερα, 14 Μάι:",09:00,15,2,60
okairos.gr,"Σήμερα, 14 Μάι:",10:00,17,2,46
okairos.gr,"Σήμερα, 14 Μάι:",11:00,20,3,37
okairos.gr,"Σήμερα, 14 Μάι:",12:00,21,3,33
okairos.gr,"Σήμερα, 14 Μάι:",13:00,22,3,31
okairos.gr,"Σήμερα, 14 Μάι:",14:00,23,3,30
okairos.gr,"Σήμερα, 14 Μάι:",15:00,23,4,30
okairos.gr,"Σήμερα, 14 Μάι:",16:00,23,4,30
okairos.gr,"Σήμερα, 14 Μάι:",17:00,23,4,32
okairos.gr,"Σήμερα, 14 Μάι:",18:00,22,4,34
okairos.gr,"Σήμερα, 14 Μάι:",19:00,21,3,38
okairos.gr,"Σήμερα, 14 Μάι:",20:00,19,3,46
okairos.gr,"Σήμερα, 14 Μάι:",21:00,16,2,56
okairos.gr,"Σήμερα, 14 Μάι:",22:00,15,2,67
okairos.gr,"Σήμερα, 14 Μάι:",23:00,13,2,76
okairos.gr,"Αύριο, 15 Μάι:",00:00,12,1,80
okairos.gr,"Αύριο, 15 Μάι:",01:00,11,1,81
okairos.gr,"Αύριο, 15 Μάι:",02:00,10,1,78
okairos.gr,"Αύριο, 15 Μάι:",03:00,10,1,76
okairos.gr,"Αύριο, 15 Μάι:",04:00,9,1,78
okairos.gr,"Αύριο, 15 Μάι:",05:00,8,1,75
okairos.gr,"Αύριο, 15 Μάι:",06:00,7,1,69
okairos.gr,"Αύριο, 15 Μάι:",07:00,8,1,71
okairos.gr,"Αύριο, 15 Μάι:",08:00,12,1,53
okairos.gr,"Αύριο, 15 Μάι:",09:00,16,1,39
okairos.gr,"Αύριο, 15 Μάι:",10:00,18,2,32
okairos.gr,"Αύριο, 15 Μάι:",11:00,19,3,33
okairos.gr,"Αύριο, 15 Μάι:",12:00,21,3,35
okairos.gr,"Αύριο, 15 Μάι:",13:00,22,4,37
okairos.gr,"Αύριο, 15 Μάι:",14:00,22,4,39
okairos.gr,"Αύριο, 15 Μάι:",15:00,22,4,42
okairos.gr,"Αύριο, 15 Μάι:",16:00,20,4,48
okairos.gr,"Αύριο, 15 Μάι:",17:00,20,4,42
okairos.gr,"Αύριο, 15 Μάι:",18:00,19,4,41
okairos.gr,"Αύριο, 15 Μάι:",19:00,19,3,39
okairos.gr,"Αύριο, 15 Μάι:",20:00,18,3,45
okairos.gr,"Αύριο, 15 Μάι:",21:00,16,2,56
okairos.gr,"Αύριο, 15 Μάι:",22:00,14,2,67
okairos.gr,"Αύριο, 15 Μάι:",23:00,13,2,77
okairos.gr,"Κυριακή, 16 Μάι:",00:00,12,1,86
okairos.gr,"Κυριακή, 16 Μάι:",01:00,11,1,93
okairos.gr,"Κυριακή, 16 Μάι:",02:00,10,1,97
okairos.gr,"Κυριακή, 16 Μάι:",03:00,10,1,99
okairos.gr,"Κυριακή, 16 Μάι:",04:00,9,1,98
okairos.gr,"Κυριακή, 16 Μάι:",05:00,9,1,98
okairos.gr,"Κυριακή, 16 Μάι:",06:00,8,1,97
okairos.gr,"Κυριακή, 16 Μάι:",07:00,9,1,94
okairos.gr,"Κυριακή, 16 Μάι:",08:00,12,1,80
okairos.gr,"Κυριακή, 16 Μάι:",09:00,14,1,64
okairos.gr,"Κυριακή, 16 Μάι:",10:00,17,2,53
okairos.gr,"Κυριακή, 16 Μάι:",11:00,20,2,46
okairos.gr,"Κυριακή, 16 Μάι:",12:00,22,2,43
okairos.gr,"Κυριακή, 16 Μάι:",13:00,23,3,39
okairos.gr,"Κυριακή, 16 Μάι:",14:00,24,3,37
okairos.gr,"Κυριακή, 16 Μάι:",15:00,25,3,35
okairos.gr,"Κυριακή, 16 Μάι:",16:00,24,3,36
okairos.gr,"Κυριακή, 16 Μάι:",17:00,24,3,36
okairos.gr,"Κυριακή, 16 Μάι:",18:00,22,3,41
okairos.gr,"Κυριακή, 16 Μάι:",19:00,21,3,46
okairos.gr,"Κυριακή, 16 Μάι:",20:00,20,3,54
okairos.gr,"Κυριακή, 16 Μάι:",21:00,18,3,63
okairos.gr,"Κυριακή, 16 Μάι:",22:00,16,2,72
okairos.gr,"Κυριακή, 16 Μάι:",23:00,15,2,82
okairos.gr,"Δευτέρα, 17 Μάι:",00:00,13,2,91
okairos.gr,"Δευτέρα, 17 Μάι:",01:00,12,1,91
okairos.gr,"Δευτέρα, 17 Μάι:",02:00,11,1,90
okairos.gr,"Δευτέρα, 17 Μάι:",03:00,10,1,89
okairos.gr,"Δευτέρα, 17 Μάι:",04:00,10,1,87
okairos.gr,"Δευτέρα, 17 Μάι:",05:00,9,1,85
okairos.gr,"Δευτέρα, 17 Μάι:",06:00,9,1,83
okairos.gr,"Δευτέρα, 17 Μάι:",07:00,10,1,71
okairos.gr,"Δευτέρα, 17 Μάι:",08:00,13,1,60
okairos.gr,"Δευτέρα, 17 Μάι:",09:00,17,0,49
okairos.gr,"Δευτέρα, 17 Μάι:",10:00,20,1,43
okairos.gr,"Δευτέρα, 17 Μάι:",11:00,23,2,38
okairos.gr,"Δευτέρα, 17 Μάι:",12:00,26,3,32
okairos.gr,"Δευτέρα, 17 Μάι:",13:00,26,3,31
okairos.gr,"Δευτέρα, 17 Μάι:",14:00,27,3,31
okairos.gr,"Δευτέρα, 17 Μάι:",15:00,28,4,30
okairos.gr,"Δευτέρα, 17 Μάι:",16:00,27,3,31
okairos.gr,"Δευτέρα, 17 Μάι:",17:00,26,3,33
okairos.gr,"Δευτέρα, 17 Μάι:",18:00,26,3,34
okairos.gr,"Δευτέρα, 17 Μάι:",19:00,23,3,40
okairos.gr,"Δευτέρα, 17 Μάι:",20:00,21,3,46
okairos.gr,"Δευτέρα, 17 Μάι:",21:00,19,2,51
okairos.gr,"Δευτέρα, 17 Μάι:",22:00,18,2,55
okairos.gr,"Δευτέρα, 17 Μάι:",23:00,16,2,58
okairos.gr,"Τρίτη, 18 Μάι:",00:00,15,2,62
okairos.gr,"Τρίτη, 18 Μάι:",01:00,14,2,63
okairos.gr,"Τρίτη, 18 Μάι:",02:00,13,2,64
okairos.gr,"Τρίτη, 18 Μάι:",03:00,12,2,65
okairos.gr,"Τρίτη, 18 Μάι:",04:00,12,2,66
okairos.gr,"Τρίτη, 18 Μάι:",05:00,11,2,67
okairos.gr,"Τρίτη, 18 Μάι:",06:00,11,1,68
okairos.gr,"Τρίτη, 18 Μάι:",07:00,13,1,58
okairos.gr,"Τρίτη, 18 Μάι:",08:00,16,1,49
okairos.gr,"Τρίτη, 18 Μάι:",09:00,18,1,40
okairos.gr,"Τρίτη, 18 Μάι:",10:00,20,2,36
okairos.gr,"Τρίτη, 18 Μάι:",11:00,23,3,32
okairos.gr,"Τρίτη, 18 Μάι:",12:00,25,3,28
okairos.gr,"Τρίτη, 18 Μάι:",13:00,26,3,27
okairos.gr,"Τρίτη, 18 Μάι:",14:00,27,4,26
okairos.gr,"Τρίτη, 18 Μάι:",15:00,28,4,25
okairos.gr,"Τρίτη, 18 Μάι:",16:00,28,4,27
okairos.gr,"Τρίτη, 18 Μάι:",17:00,27,4,28
okairos.gr,"Τρίτη, 18 Μάι:",18:00,26,4,30
okairos.gr,"Τρίτη, 18 Μάι:",19:00,24,4,36
okairos.gr,"Τρίτη, 18 Μάι:",20:00,22,3,43
okairos.gr,"Τρίτη, 18 Μάι:",21:00,20,3,50
okairos.gr,"Τρίτη, 18 Μάι:",22:00,19,2,54
okairos.gr,"Τρίτη, 18 Μάι:",23:00,17,2,58
okairos.gr,"Τετάρτη, 19 Μάι:",00:00,16,2,63
okairos.gr,"Τετάρτη, 19 Μάι:",01:00,14,2,60
okairos.gr,"Τετάρτη, 19 Μάι:",02:00,13,2,57
okairos.gr,"Τετάρτη, 19 Μάι:",03:00,12,1,55
okairos.gr,"Τετάρτη, 19 Μάι:",04:00,11,1,52
okairos.gr,"Τετάρτη, 19 Μάι:",05:00,10,1,49
okairos.gr,"Τετάρτη, 19 Μάι:",06:00,9,1,47
okairos.gr,"Τετάρτη, 19 Μάι:",07:00,12,1,44
okairos.gr,"Τετάρτη, 19 Μάι:",08:00,15,1,41
okairos.gr,"Τετάρτη, 19 Μάι:",09:00,18,1,38
okairos.gr,"Τετάρτη, 19 Μάι:",10:00,20,1,36
okairos.gr,"Τετάρτη, 19 Μάι:",11:00,23,2,33
okairos.gr,"Τετάρτη, 19 Μάι:",12:00,26,2,30
okairos.gr,"Τετάρτη, 19 Μάι:",13:00,26,3,28
okairos.gr,"Τετάρτη, 19 Μάι:",14:00,27,3,25
okairos.gr,"Τετάρτη, 19 Μάι:",15:00,27,4,22
okairos.gr,"Τετάρτη, 19 Μάι:",16:00,26,3,25
okairos.gr,"Τετάρτη, 19 Μάι:",17:00,25,3,28
okairos.gr,"Τετάρτη, 19 Μάι:",18:00,25,3,31
okairos.gr,"Τετάρτη, 19 Μάι:",19:00,23,3,33
okairos.gr,"Τετάρτη, 19 Μάι:",20:00,21,3,36
okairos.gr,"Τετάρτη, 19 Μάι:",21:00,19,3,39
okairos.gr,"Τετάρτη, 19 Μάι:",22:00,17,2,43
okairos.gr,"Τετάρτη, 19 Μάι:",23:00,15,2,47
okairos.gr,"Πέμπτη, 20 Μάι:",00:00,13,2,52
okairos.gr,"Πέμπτη, 20 Μάι:",01:00,12,2,56
okairos.gr,"Πέμπτη, 20 Μάι:",02:00,11,2,60
okairos.gr,"Πέμπτη, 20 Μάι:",03:00,10,1,64
okairos.gr,"Πέμπτη, 20 Μάι:",04:00,10,1,61
okairos.gr,"Πέμπτη, 20 Μάι:",05:00,10,1,58
okairos.gr,"Πέμπτη, 20 Μάι:",06:00,10,1,55
okairos.gr,"Πέμπτη, 20 Μάι:",07:00,12,1,52
okairos.gr,"Πέμπτη, 20 Μάι:",08:00,14,1,49
okairos.gr,"Πέμπτη, 20 Μάι:",09:00,16,1,46
okairos.gr,"Πέμπτη, 20 Μάι:",10:00,18,2,42
okairos.gr,"Πέμπτη, 20 Μάι:",11:00,20,2,39
okairos.gr,"Πέμπτη, 20 Μάι:",12:00,21,3,35
okairos.gr,"Πέμπτη, 20 Μάι:",13:00,22,3,31
okairos.gr,"Πέμπτη, 20 Μάι:",14:00,23,3,28
okairos.gr,"Πέμπτη, 20 Μάι:",15:00,23,4,24
okairos.gr,"Πέμπτη, 20 Μάι:",16:00,23,4,28
okairos.gr,"Πέμπτη, 20 Μάι:",17:00,22,3,32
okairos.gr,"Πέμπτη, 20 Μάι:",18:00,21,3,35
okairos.gr,"Πέμπτη, 20 Μάι:",19:00,20,3,39
okairos.gr,"Πέμπτη, 20 Μάι:",20:00,18,3,43
okairos.gr,"Πέμπτη, 20 Μάι:",21:00,16,3,47
okairos.gr,"Πέμπτη, 20 Μάι:",22:00,14,2,53
okairos.gr,"Πέμπτη, 20 Μάι:",23:00,13,2,58
okairos.gr,"Παρασκευή, 21 Μάι:",00:00,11,2,64
okairos.gr,"Παρασκευή, 21 Μάι:",01:00,11,2,70
okairos.gr,"Παρασκευή, 21 Μάι:",02:00,10,1,76
okairos.gr,"Παρασκευή, 21 Μάι:",03:00,10,1,82
okairos.gr,"Παρασκευή, 21 Μάι:",04:00,9,1,91
okairos.gr,"Παρασκευή, 21 Μάι:",05:00,9,1,100
okairos.gr,"Παρασκευή, 21 Μάι:",06:00,8,1,100
okairos.gr,"Παρασκευή, 21 Μάι:",07:00,10,1,94
okairos.gr,"Παρασκευή, 21 Μάι:",08:00,12,1,79
okairos.gr,"Παρασκευή, 21 Μάι:",09:00,14,2,65
okairos.gr,"Παρασκευή, 21 Μάι:",10:00,16,2,54
okairos.gr,"Παρασκευή, 21 Μάι:",11:00,19,2,44
okairos.gr,"Παρασκευή, 21 Μάι:",12:00,21,3,33
okairos.gr,"Παρασκευή, 21 Μάι:",13:00,23,3,33
okairos.gr,"Παρασκευή, 21 Μάι:",14:00,24,3,32
okairos.gr,"Παρασκευή, 21 Μάι:",15:00,25,3,31
okairos.gr,"Παρασκευή, 21 Μάι:",16:00,24,3,31
okairos.gr,"Παρασκευή, 21 Μάι:",17:00,24,3,30
okairos.gr,"Παρασκευή, 21 Μάι:",18:00,23,3,30
okairos.gr,"Παρασκευή, 21 Μάι:",19:00,21,2,37
okairos.gr,"Παρασκευή, 21 Μάι:",20:00,19,2,43
okairos.gr,"Παρασκευή, 21 Μάι:",21:00,17,2,50
okairos.gr,"Παρασκευή, 21 Μάι:",22:00,15,1,58
okairos.gr,"Παρασκευή, 21 Μάι:",23:00,13,1,67
okairos.gr,"Σάββατο, 22 Μάι:",00:00,11,1,76
okairos.gr,"Σάββατο, 22 Μάι:",01:00,11,1,79
okairos.gr,"Σάββατο, 22 Μάι:",02:00,10,1,82
okairos.gr,"Σάββατο, 22 Μάι:",03:00,9,1,86
okairos.gr,"Σάββατο, 22 Μάι:",04:00,9,1,85
okairos.gr,"Σάββατο, 22 Μάι:",05:00,9,1,85
okairos.gr,"Σάββατο, 22 Μάι:",06:00,9,1,84
okairos.gr,"Σάββατο, 22 Μάι:",07:00,11,0,73
okairos.gr,"Σάββατο, 22 Μάι:",08:00,13,0,62
okairos.gr,"Σάββατο, 22 Μάι:",09:00,16,0,50
okairos.gr,"Σάββατο, 22 Μάι:",10:00,18,1,45
okairos.gr,"Σάββατο, 22 Μάι:",11:00,20,1,40
okairos.gr,"Σάββατο, 22 Μάι:",12:00,23,2,34
okairos.gr,"Σάββατο, 22 Μάι:",13:00,24,2,29
okairos.gr,"Σάββατο, 22 Μάι:",14:00,25,3,24
okairos.gr,"Σάββατο, 22 Μάι:",15:00,26,3,18
okairos.gr,"Σάββατο, 22 Μάι:",16:00,25,3,22
okairos.gr,"Σάββατο, 22 Μάι:",17:00,25,3,27
okairos.gr,"Σάββατο, 22 Μάι:",18:00,24,2,31
okairos.gr,"Σάββατο, 22 Μάι:",19:00,22,2,35
okairos.gr,"Σάββατο, 22 Μάι:",20:00,20,2,40
okairos.gr,"Σάββατο, 22 Μάι:",21:00,18,2,44
okairos.gr,"Σάββατο, 22 Μάι:",22:00,16,2,49
okairos.gr,"Σάββατο, 22 Μάι:",23:00,14,1,54
okairos.gr,"Κυριακή, 23 Μάι:",00:00,12,1,59
okairos.gr,"Κυριακή, 23 Μάι:",01:00,11,1,60
okairos.gr,"Κυριακή, 23 Μάι:",02:00,10,1,61
okairos.gr,"Κυριακή, 23 Μάι:",03:00,9,1,62
okairos.gr,"Κυριακή, 23 Μάι:",04:00,10,1,75
okairos.gr,"Κυριακή, 23 Μάι:",05:00,11,1,87
okairos.gr,"Κυριακή, 23 Μάι:",06:00,12,1,100
okairos.gr,"Κυριακή, 23 Μάι:",07:00,14,1,79
okairos.gr,"Κυριακή, 23 Μάι:",08:00,17,0,58
okairos.gr,"Κυριακή, 23 Μάι:",09:00,20,0,37
okairos.gr,"Κυριακή, 23 Μάι:",10:00,22,1,40
okairos.gr,"Κυριακή, 23 Μάι:",11:00,25,1,43
okairos.gr,"Κυριακή, 23 Μάι:",12:00,27,1,46
okairos.gr,"Κυριακή, 23 Μάι:",13:00,28,2,36
okairos.gr,"Κυριακή, 23 Μάι:",14:00,29,2,27
okairos.gr,"Κυριακή, 23 Μάι:",15:00,30,2,18
okairos.gr,"Κυριακή, 23 Μάι:",16:00,29,2,27
okairos.gr,"Κυριακή, 23 Μάι:",17:00,28,2,37
okairos.gr,"Κυριακή, 23 Μάι:",18:00,26,2,47
okairos.gr,"Κυριακή, 23 Μάι:",19:00,24,2,47
okairos.gr,"Κυριακή, 23 Μάι:",20:00,22,2,46
okairos.gr,"Κυριακή, 23 Μάι:",21:00,20,1,46
okairos.gr,"Κυριακή, 23 Μάι:",22:00,19,1,63
okairos.gr,"Κυριακή, 23 Μάι:",23:00,18,1,80
okairos.gr,"Δευτέρα, 24 Μάι:",00:00,16,1,96
okairos.gr,"Δευτέρα, 24 Μάι:",01:00,16,1,95
okairos.gr,"Δευτέρα, 24 Μάι:",02:00,16,1,93
okairos.gr,"Δευτέρα, 24 Μάι:",03:00,16,1,91
okairos.gr,"Δευτέρα, 24 Μάι:",04:00,16,1,94
okairos.gr,"Δευτέρα, 24 Μάι:",05:00,16,1,96
okairos.gr,"Δευτέρα, 24 Μάι:",06:00,16,1,98
okairos.gr,"Δευτέρα, 24 Μάι:",07:00,18,1,79
okairos.gr,"Δευτέρα, 24 Μάι:",08:00,20,1,61
okairos.gr,"Δευτέρα, 24 Μάι:",09:00,22,1,42
okairos.gr,"Δευτέρα, 24 Μάι:",10:00,24,1,42
okairos.gr,"Δευτέρα, 24 Μάι:",11:00,27,2,41
okairos.gr,"Δευτέρα, 24 Μάι:",12:00,29,2,41
okairos.gr,"Δευτέρα, 24 Μάι:",13:00,30,2,40
okairos.gr,"Δευτέρα, 24 Μάι:",14:00,31,2,40
okairos.gr,"Δευτέρα, 24 Μάι:",15:00,32,2,39
okairos.gr,"Δευτέρα, 24 Μάι:",16:00,30,2,41
okairos.gr,"Δευτέρα, 24 Μάι:",17:00,29,2,43
okairos.gr,"Δευτέρα, 24 Μάι:",18:00,28,2,45
okairos.gr,"Δευτέρα, 24 Μάι:",19:00,25,2,45
okairos.gr,"Δευτέρα, 24 Μάι:",20:00,22,2,44
okairos.gr,"Δευτέρα, 24 Μάι:",21:00,20,2,43
okairos.gr,"Δευτέρα, 24 Μάι:",22:00,19,2,59
